{
  "method": "ITA + Preprocessed Skin Masks",
  "use_skin_mask": false,
  "use_preprocessed": true,
  "thresholds": {
    "light_min": 25.0,
    "dark_max": -50.0
  },
  "dataset": "training/data/ccv2_faces_mediapipe_v2/test",
  "num_samples": 20013,
  "overall": {
    "accuracy": 0.5369509818617898,
    "macro_f1": 0.37345061795401335,
    "weighted_f1": 0.5969985122101836
  },
  "per_class": {
    "Light": {
      "accuracy": 0.4090685066535239,
      "precision": 0.36063436888985445,
      "recall": 0.4090685066535239,
      "f1": 0.38332756032790666,
      "support": 4058
    },
    "Medium": {
      "accuracy": 0.576530612244898,
      "precision": 0.7970535714285715,
      "recall": 0.576530612244898,
      "f1": 0.6690900914405636,
      "support": 15484
    },
    "Dark": {
      "accuracy": 0.3375796178343949,
      "precision": 0.03776722090261283,
      "recall": 0.3375796178343949,
      "f1": 0.06793420209356976,
      "support": 471
    }
  },
  "confusion_matrix": [
    [
      1660,
      2026,
      372
    ],
    [
      2878,
      8927,
      3679
    ],
    [
      65,
      247,
      159
    ]
  ],
  "ita_statistics": {
    "Light": {
      "mean": 11.39163998004258,
      "std": 38.40275436916294,
      "min": -89.97041811309842,
      "max": 89.9380267489152,
      "median": 18.362812751425373
    },
    "Medium": {
      "mean": -14.313618480329344,
      "std": 41.675200372140154,
      "min": -89.96909320022024,
      "max": 89.84733785318312,
      "median": -11.1577984451127
    },
    "Dark": {
      "mean": -26.183704118290816,
      "std": 42.12843958613184,
      "min": -89.89422326467198,
      "max": 89.89616210135301,
      "median": -29.787101131364306
    }
  }
}