{
  "config": "training/configs/config_3class_faces.yaml",
  "checkpoint": "training/checkpoints_3class/best_model.pth",
  "split": "test",
  "class_grouping": "3class",
  "num_classes": 3,
  "num_samples": 22730,
  "metrics": {
    "overall_accuracy": 0.7857897052353717,
    "per_class": {
      "precision": [
        0.5172413793103449,
        0.8806173938854259,
        0.48633879781420764
      ],
      "recall": [
        0.609271523178808,
        0.8442800227660785,
        0.4238095238095238
      ],
      "f1": [
        0.5594972633286033,
        0.8620659596106349,
        0.4529262086513995
      ],
      "accuracy": [
        0.609271523178808,
        0.8442800227660785,
        0.4238095238095238,
        0.0,
        0.0,
        0.0,
        0.0,
        0.0,
        0.0,
        0.0
      ],
      "support": [
        4530,
        17570,
        630
      ]
    },
    "macro": {
      "precision": 0.6280658570033261,
      "recall": 0.6257870232514701,
      "f1": 0.6248298105302125
    },
    "weighted": {
      "precision": 0.7972698856782113,
      "recall": 0.7857897052353717,
      "f1": 0.7904252100610563
    },
    "confusion_matrix": [
      [
        2760,
        1721,
        49
      ],
      [
        2503,
        14834,
        233
      ],
      [
        73,
        290,
        267
      ]
    ]
  },
  "fairness": {
    "accuracy_range": 0.4204704989565547,
    "accuracy_std": 0.1720531534733401,
    "worst_case_ratio": 0.5019774392162151,
    "max_accuracy": 0.8442800227660785,
    "min_accuracy": 0.4238095238095238,
    "target_parity": 0,
    "target_ratio": 0
  }
}