{
  "method": "ITA + Preprocessed Skin Masks",
  "use_skin_mask": false,
  "use_preprocessed": true,
  "thresholds": {
    "very_light_min": 19.954501780575875,
    "light_min": 4.550871910998811,
    "medium_min": -4.834686543475991,
    "dark_min": -33.997563664654166
  },
  "dataset": "training/data/ccv2_mediapipe_raw/test",
  "num_samples": 15208,
  "overall": {
    "accuracy": 0.17056812204103103,
    "macro_f1": 0.15490563495214496,
    "weighted_f1": 0.18306303295236037
  },
  "per_class": {
    "Very Light": {
      "accuracy": 0.5919854280510018,
      "precision": 0.126066718386346,
      "recall": 0.5919854280510018,
      "f1": 0.20786696514230893,
      "support": 1098
    },
    "Light": {
      "accuracy": 0.15622788393489032,
      "precision": 0.3349772382397572,
      "recall": 0.15622788393489032,
      "f1": 0.2130791505791506,
      "support": 5652
    },
    "Medium": {
      "accuracy": 0.09855309855309856,
      "precision": 0.5503048780487805,
      "recall": 0.09855309855309856,
      "f1": 0.16716832600138923,
      "support": 7326
    },
    "Dark": {
      "accuracy": 0.2324607329842932,
      "precision": 0.0813782991202346,
      "recall": 0.2324607329842932,
      "f1": 0.12055389628020637,
      "support": 955
    },
    "Very Dark": {
      "accuracy": 0.6610169491525424,
      "precision": 0.0346563981042654,
      "recall": 0.6610169491525424,
      "f1": 0.06585983675766957,
      "support": 177
    }
  },
  "confusion_matrix": [
    [
      650,
      152,
      73,
      108,
      115
    ],
    [
      2269,
      883,
      432,
      1108,
      960
    ],
    [
      1939,
      1429,
      722,
      1281,
      1955
    ],
    [
      278,
      146,
      80,
      222,
      229
    ],
    [
      20,
      26,
      5,
      9,
      117
    ]
  ],
  "ita_statistics": {
    "Very Light": {
      "mean": 19.595098070577922,
      "std": 37.01099771751284,
      "min": -88.6292532196198,
      "max": 89.46760725556851,
      "median": 25.841637198966502
    },
    "Light": {
      "mean": 5.1576086858103265,
      "std": 37.71923208563058,
      "min": -89.8593040932556,
      "max": 89.98595721117145,
      "median": 10.69242122279704
    },
    "Medium": {
      "mean": -6.707596092055375,
      "std": 39.365740501578586,
      "min": -89.94004643670534,
      "max": 89.98628174675382,
      "median": 1.048028538177817
    },
    "Dark": {
      "mean": -2.2819527088963625,
      "std": 38.92552581204347,
      "min": -89.69453500693372,
      "max": 89.60068841133894,
      "median": -2.135469691559148
    },
    "Very Dark": {
      "mean": -43.59823559201087,
      "std": 45.702347922189944,
      "min": -89.26710585372268,
      "max": 68.06429850077699,
      "median": -68.5013797213439
    }
  }
}