{
  "method": "ITA Baseline",
  "thresholds": {
    "light_min": 41.0,
    "dark_max": 10.0
  },
  "dataset": "training/data/ccv2_faces/test",
  "num_samples": 22730,
  "overall": {
    "accuracy": 0.1932248130224373,
    "macro_f1": 0.1876467371244508,
    "weighted_f1": 0.24298801853357901
  },
  "per_class": {
    "Light": {
      "accuracy": 0.3251655629139073,
      "precision": 0.2273498996758759,
      "recall": 0.3251655629139073,
      "f1": 0.26759923698791893,
      "support": 4530
    },
    "Medium": {
      "accuracy": 0.1464997154240182,
      "precision": 0.7206047032474804,
      "recall": 0.1464997154240182,
      "f1": 0.24349635796045785,
      "support": 17570
    },
    "Dark": {
      "accuracy": 0.5476190476190477,
      "precision": 0.027210347819228646,
      "recall": 0.5476190476190477,
      "f1": 0.051844616424975586,
      "support": 630
    }
  },
  "confusion_matrix": [
    [
      1473,
      886,
      2171
    ],
    [
      4833,
      2574,
      10163
    ],
    [
      173,
      112,
      345
    ]
  ],
  "ita_statistics": {
    "Light": {
      "mean": 7.264105349528138,
      "std": 51.56023256890625,
      "min": -89.99988658260169,
      "max": 89.9768700709177,
      "median": 13.75478357439643
    },
    "Medium": {
      "mean": -5.089772241498028,
      "std": 56.3978190036369,
      "min": -89.9996311979057,
      "max": 89.99090115412207,
      "median": -3.916478082756651
    },
    "Dark": {
      "mean": 0.04953605197149861,
      "std": 54.26244214456892,
      "min": -89.98027563243947,
      "max": 89.9288473817671,
      "median": 2.64556387580126
    }
  }
}