{
  "method": "ITA + Preprocessed Skin Masks",
  "use_skin_mask": false,
  "use_preprocessed": true,
  "thresholds": {
    "light_min": 33.0,
    "dark_max": -60.0
  },
  "dataset": "training/data/ccv2_faces_preprocessed_v4/test",
  "num_samples": 22730,
  "overall": {
    "accuracy": 0.5878134623845138,
    "macro_f1": 0.367258966921032,
    "weighted_f1": 0.6276184758247368
  },
  "per_class": {
    "Light": {
      "accuracy": 0.30419426048565124,
      "precision": 0.35224948875255624,
      "recall": 0.30419426048565124,
      "f1": 0.3264629234778489,
      "support": 4530
    },
    "Medium": {
      "accuracy": 0.6759817871371656,
      "precision": 0.7840121460162387,
      "recall": 0.6759817871371656,
      "f1": 0.7260001833796876,
      "support": 17570
    },
    "Dark": {
      "accuracy": 0.16825396825396827,
      "precision": 0.028890705914418096,
      "recall": 0.16825396825396827,
      "f1": 0.049313793905559435,
      "support": 630
    }
  },
  "confusion_matrix": [
    [
      1378,
      2857,
      295
    ],
    [
      2425,
      11877,
      3268
    ],
    [
      109,
      415,
      106
    ]
  ],
  "ita_statistics": {
    "Light": {
      "mean": 9.685018042329446,
      "std": 39.09031452879666,
      "min": -89.9999962457153,
      "max": 89.99999856054947,
      "median": 14.818449011130971
    },
    "Medium": {
      "mean": -13.916950738077524,
      "std": 41.72943953006399,
      "min": -89.99999836297773,
      "max": 89.99999854260122,
      "median": -10.849887458066938
    },
    "Dark": {
      "mean": -11.879978563405983,
      "std": 42.47362495465455,
      "min": -89.99999678891763,
      "max": 89.864843694407,
      "median": -13.027948251673994
    }
  }
}