{
  "config": "training/configs/config.yaml",
  "checkpoint": "training/checkpoints/best_model.pth",
  "split": "test",
  "num_samples": 22730,
  "metrics": {
    "overall_accuracy": 0.38728552573691155,
    "per_class": {
      "precision": [
        0.1111111111111111,
        0.16898608349900596,
        0.2637721755368814,
        0.23693379790940766,
        0.7412618483412322,
        0.22792899408284023,
        0.1021021021021021,
        0.3319327731092437,
        0.4326241134751773,
        0.0
      ],
      "recall": [
        0.006666666666666667,
        0.13821138211382114,
        0.35873015873015873,
        0.35233160621761656,
        0.4916502946954813,
        0.33789473684210525,
        0.05,
        0.1880952380952381,
        0.3388888888888889,
        0.0
      ],
      "f1": [
        0.012578616352201259,
        0.1520572450805009,
        0.30400860909335486,
        0.2833333333333333,
        0.5911882825419325,
        0.272226148409894,
        0.06712734452122408,
        0.24012158054711247,
        0.38006230529595014,
        0.0
      ],
      "accuracy": [
        0.006666666666666667,
        0.13821138211382114,
        0.35873015873015873,
        0.35233160621761656,
        0.4916502946954813,
        0.33789473684210525,
        0.05,
        0.1880952380952381,
        0.3388888888888889,
        0.0
      ],
      "support": [
        150,
        1230,
        3150,
        3860,
        10180,
        2850,
        680,
        420,
        180,
        30
      ]
    },
    "macro": {
      "precision": 0.2616652999167002,
      "recall": 0.22624689722499766,
      "f1": 0.23027034651755032
    },
    "weighted": {
      "precision": 0.4598470367819013,
      "recall": 0.38728552573691155,
      "f1": 0.4069186582276789
    },
    "confusion_matrix": [
      [
        1,
        49,
        61,
        39,
        0,
        0,
        0,
        0,
        0,
        0
      ],
      [
        2,
        170,
        527,
        373,
        79,
        58,
        14,
        2,
        5,
        0
      ],
      [
        0,
        343,
        1130,
        1172,
        227,
        217,
        39,
        16,
        6,
        0
      ],
      [
        0,
        203,
        1262,
        1360,
        435,
        481,
        73,
        31,
        15,
        0
      ],
      [
        4,
        171,
        821,
        1804,
        5005,
        2242,
        102,
        27,
        4,
        0
      ],
      [
        2,
        46,
        322,
        690,
        744,
        963,
        54,
        25,
        4,
        0
      ],
      [
        0,
        7,
        98,
        151,
        173,
        167,
        34,
        41,
        7,
        2
      ],
      [
        0,
        17,
        61,
        101,
        45,
        72,
        6,
        79,
        39,
        0
      ],
      [
        0,
        0,
        2,
        41,
        24,
        24,
        11,
        17,
        61,
        0
      ],
      [
        0,
        0,
        0,
        9,
        20,
        1,
        0,
        0,
        0,
        0
      ]
    ]
  },
  "fairness": {
    "accuracy_range": 0.4916502946954813,
    "accuracy_std": 0.16392482915639114,
    "worst_case_ratio": 0.0,
    "max_accuracy": 0.4916502946954813,
    "min_accuracy": 0.0,
    "target_parity": 